{
  "meta": {
    "version": "6.3.2",
    "timestamp": "2022-04-23T00:11:11.690496",
    "branch_coverage": false,
    "show_contexts": false
  },
  "files": {
    "src/packages/clockify/clockify.py": {
      "executed_lines": [
        1, 2, 3, 4, 5, 6, 8, 11, 12, 13, 14, 15, 16, 18, 19, 20, 25, 26, 27, 28,
        29, 31, 32, 33, 34, 35, 41, 43, 44, 45, 46, 49, 50, 51, 52, 54, 68, 69,
        70, 71, 72, 73, 74, 75, 76, 77, 82, 84, 85, 86, 87, 88, 89, 90, 91, 92,
        97, 99, 138, 139, 142, 146, 150, 156
      ],
      "summary": {
        "covered_lines": 64,
        "num_statements": 110,
        "percent_covered": 58.18181818181818,
        "percent_covered_display": "58",
        "missing_lines": 46,
        "excluded_lines": 0
      },
      "missing_lines": [
        55, 56, 57, 59, 60, 61, 62, 64, 65, 66, 79, 80, 81, 94, 95, 96, 100,
        101, 102, 103, 107, 109, 111, 112, 113, 114, 115, 116, 117, 118, 119,
        120, 121, 122, 123, 124, 126, 128, 134, 136, 143, 147, 151, 152, 153,
        157
      ],
      "excluded_lines": []
    },
    "tests/config.py": {
      "executed_lines": [1, 2, 4, 6, 7, 8, 9, 10, 13, 14, 15, 16],
      "summary": {
        "covered_lines": 12,
        "num_statements": 12,
        "percent_covered": 100.0,
        "percent_covered_display": "100",
        "missing_lines": 0,
        "excluded_lines": 0
      },
      "missing_lines": [],
      "excluded_lines": []
    },
    "tests/packages/clockify/test_1.py": {
      "executed_lines": [
        1, 2, 5, 6, 7, 8, 9, 11, 12, 13, 14, 16, 17, 18, 19, 20, 22, 23, 24, 25,
        26, 28, 29, 31, 32, 33, 34, 35, 36, 37, 38, 40, 41, 46, 47, 48, 49, 50,
        51, 54, 55, 56, 57, 58, 60, 61, 62, 63, 64, 66, 83, 84, 85, 86, 87, 95,
        96, 97, 98, 99, 101, 102, 103, 105, 106, 108, 109, 110, 122, 123, 124,
        125, 127, 128, 129, 130, 133, 145, 146, 147, 148, 149, 151, 152, 153,
        155, 156, 157, 158
      ],
      "summary": {
        "covered_lines": 89,
        "num_statements": 118,
        "percent_covered": 75.42372881355932,
        "percent_covered_display": "75",
        "missing_lines": 29,
        "excluded_lines": 0
      },
      "missing_lines": [
        67, 69, 70, 71, 72, 73, 74, 76, 77, 88, 89, 90, 92, 111, 112, 113, 115,
        116, 134, 135, 139, 140, 159, 161, 162, 163, 164, 166, 167
      ],
      "excluded_lines": []
    }
  },
  "totals": {
    "covered_lines": 165,
    "num_statements": 240,
    "percent_covered": 68.75,
    "percent_covered_display": "69",
    "missing_lines": 75,
    "excluded_lines": 0
  }
}
